province,location,tender_deadline,status,details,expensive_ratio,midrange_ratio,social_ratio,municipality,winner,number_of_properties,publication_date,tender_longitude,tender_latitude,center_municipality_longitude,center_municipality_latitude
Zuid-Holland,Alphen aan den Rijn,,Aankondiging gegunde opdracht,"De tender betreft de levering van 40 tot 60 duurzame flexwoningen, met een optionele uitbreiding tot 120, voor diverse doelgroepen zoals vluchtelingen en spoedzoekers.",,,,Alphen aan den Rijn,,120,2024-11-30,,,4.66743592648034,52.144823348166781
Noord-Brabant,Eindhoven,,Aankondiging gegunde opdracht,Levering van tijdelijke flexibele gebouwen gemeente breed,,,,Eindhoven,De Meeuw Oirschot B.V.,,2024-11-26,,,5.4838193025988682,51.44293095915463
Flevoland,Lelystad - De Trommel,,Aankondiging gegunde opdracht,"Tender voor herontwikkeling De Trommel in Lelystad. Mededinging gesloten, geen winnaar door intrekking of niet-ontvankelijkheid van alle inschrijvingen.",,,,Lelystad,Geen winnaar gekozen,,2025-05-12,,,5.4712051366949259,52.478785532520661
Gelderland,Zutphen - Kavel 18,,Aankondiging gegunde opdracht,Geen inschrijvingen voor tender realisatie 55 appartementen in de huur,,,,Zutphen,Geen winnaar gekozen,55,2025-01-20,,,6.1810679354715665,52.148559167073749
Gelderland,Renkum,,Aankondiging gegunde opdracht,Realisatie van 60 tot 80 woningen een voormalige schoollocatie,,,,Renkum,CRA Project Ontwikkeling B.V.,80,2024-10-22,,,5.7318217027597447,51.973496790090351
Zuid-Holland,Pijnacker-Nootdorp - Hart van Nootdorp,,Aankondiging gegunde opdracht,"De tender betreft de realisatie van het Combinatiegebouw Hart van Nootdorp, met een kindcentrum en 62 appartementen in sociale huur en vrije sector.",,,,Pijnacker-Nootdorp,Zenzo MV VOF,62,2025-02-25,,,4.4219536244524313,52.017529868052719
Noord-Holland,Edam-Volendam,,Aankondiging gegunde opdracht,Plaatsing van 46 tijdelijke woningen op het Marinapark in Volendam voor de huisvesting van circa 150 Oekraïense ontheemden.,,,,Edam-Volendam,Pronkgroep,46,2025-01-16,,,5.0189178888382644,52.541360488057428
Noord-Holland,Koggenland - Avenhorn,,Aankondiging gegunde opdracht,Levering van 61 flexwoningen,,,,Koggenland,Van den Nagel Modulaire Bouw B.V.,61,2025-03-11,,,4.9481613465969705,52.644688079004027
Groningen,Appingedam,,Aankondiging gegunde opdracht,Sloop en nieuwbouw 98 woningen in Appingedam,,,,Eemsdelta,Nijhuis Bouw B.V.,98,2025-01-24,,,6.8399917440155251,53.328262718439447
Noord-Holland,Velsen - Kanaalstraat,,Aankondiging gegunde opdracht,Verkoop van pand. Geen biedingen ontvangen,,,,Velsen,Geen winnaar gekozen,,2025-03-26,,,4.6302405927698382,52.449494401471831
Zuid-Holland,Leiden - Gooimeerlaan,,Aankondiging gegunde opdracht,,,,,Leiden,Compeer - Huybens,74,2024-12-03,,,4.4965495513422828,52.159929977947456
Overijssel,Haaksbergen,,Aankondiging gegunde opdracht,Realisatie van flexwoningen voor 144 personen,,,,Haaksbergen,Flexibilistay BV,,2024-11-02,,,6.7397643479214162,52.154728611607034
Utrecht,Renswoude - Beekweide II,,Aankondiging gegunde opdracht,"Aanneemopdracht voor 26 woningen in Beekweide II, inclusief 10 jaar beheer en onderhoud.",0.0,0.0,1.0,Renswoude,Janssen de Jong Bouw Zuid B.V.,26,2025-03-13,,,5.5341627098345372,52.068947362134068
Utrecht,Veenendaal,,Aankondiging gegunde opdracht,Realisate van 42 appartementen in de middenkoop,0.0,1.0,0.0,Veenendaal,Bouwbedrijf Van Ree B.V.,42,2024-11-02,,,5.5575338838313684,52.027047344720231
Limburg,Maastricht - Laan in den Drink,,Aankondiging gegunde opdracht,Aanbesteding voor de verkoop van 2.500 m² grond in Heer voor 24 betaalbare zorgeenheden voor mensen met dementie.,0.0,1.0,0.0,Maastricht,Habenu-van de Kreeke Bouw B.V. i.c.m. Gen Residenties Holding B.V. en Nobama Care B.V.,24,2025-02-20,,,5.6934002736617844,50.849967814326313
Noord-Holland,Bussum - Slochterenlaan-Zuid,,Aankondiging gegunde opdracht,Realisatie van maximaal 1590m2 BVO aan zorgwoningen,0.0,0.0,1.0,Gooise Meren,Zenzo MV V.O.F.,150,2025-01-06,,,5.1714229747375056,52.269362841740907
Overijssel,Raalte - Franciscushof,,Aankondiging gegunde opdracht,Verkoopprocedure voor de ontwikkeling van 8 betaalbare nultredenwoningen met uniek ontwerp in Raalte.,0.0,1.0,0.0,Raalte,Le Clercq Projectontwikkeling B.V.,8,2025-05-13,,,6.2761136653110832,52.385425227895304
Drenthe,Emmen - Weiteveen,,Aankondiging gegunde opdracht,"Vanwege voortschrijdende inzichten en externe omstandigheden die een goede uitvoering van het project kunnen vertragen, is besloten de selectieprocedure voorlopig niet voort te zetten. Op een later moment zal de procedure opnieuw worden uitgezet.",0.0,0.0,1.0,Emmen,,14,2025-02-20,,,6.9025384719770981,52.787303684989766
Zuid-Holland,Leiden - Vijfhoven,,Aankondiging gegunde opdracht,"Tender voor 40-50 middeldure woningen en kinderopvang in Leiden, gericht op vitale ouderen en duurzaam bouwen.",0.1,0.9,0.0,Leiden,Waaijer Projectrealisatie B.V.,50,2025-02-19,,,4.4965495513422828,52.159929977947456
Utrecht,De Ronde Venen - Argon locatie,,Aankondiging gegunde opdracht,"De tender omvat de ontwikkeling van 114 woningen op de Argon-locatie in Mijdrecht, inclusief bouw- en woonrijp maken.",0.32,0.38,0.3,De Ronde Venen,Janssen de Jong Projectontwikkeling B.V.,114,2025-01-09,,,4.9172835092818161,52.22633446572614
Friesland,Súdwest-Fryslân - Pim Mulierstraat,,Aankondiging gegunde opdracht,"Gebiedsontwikkeling van 150 circulaire tijdelijke huurwoningen in Sneek met gemengde doelgroepen, inclusief statushouders.",0.33,0.21,0.46,Súdwest-Fryslân,WIJK Holding B.V.,150,2025-04-22,,,5.5489847984588074,53.024803192989914
Flevoland,Lelystad,,Aankondiging gegunde opdracht,Realisatie van minimaal 416 en maximaal 1000 woningen in de koop en huur.,0.33,0.17,0.5,Lelystad,Verwelius Holding B.V.,1000,2024-11-07,,,5.4712051366949259,52.478785532520661
Noord-Holland,Hoorn - Eikstraatkwartier,,Aankondiging gegunde opdracht,Selectie van een ontwikkelpartner voor woningbouw op drie locaties in het Eikstraatkwartier te Hoorn.,0.4,0.3,0.3,Hoorn,M3 Projectontwikkeling B.V.,,2025-05-15,,,5.0700539653989463,52.656139559330349
Noord-Holland,Zaanstad - Figaro,,Aankondiging gegunde opdracht,"Ontwikkeling en realisatie van woningbouw, commerciële ruimten en een OV-fietsenstalling op het Stadhuisplein.",0.4,0.3,0.3,Zaanstad,SBB Ontwikkelen en Bouwen,195,2025-02-28,,,4.8269385917678234,52.44400056164794
Zuid-Holland,Pijnacker-Nootdorp - Hagelaan,,Aankondiging gegunde opdracht,"Ontwikkelcompetitie voor de bouw van minimaal 50 koopappartementen en een ontmoetingsruimte aan de Hagelaan in Nootdorp, als sluitstuk van het project Hart van Nootdorp.",0.4,0.3,0.3,Pijnacker-Nootdorp,Ouwehand Bouw Groep B.V.,50,2025-05-04,,,4.4219536244524313,52.017529868052719
Noord-Holland,Haarlemmermeer - Lincolnpark,,Aankondiging gegunde opdracht,De tender betreft de ontwikkeling van 150-190 duurzame woningen en voorzieningen in Lincolnpark Hoofddorp.,0.42,0.58,0.0,Haarlemmermeer,Hoogvliet Beheer B.V.,190,2025-02-19,,,4.6864556979217493,52.308078681153248
Noord-Holland,Hoorn - Stationsgebied,,Aankondiging gegunde opdracht,"De tender betreft de herontwikkeling van het stationsgebied van de Poort van Hoorn, met ruimte voor maximaal 520 woningen en 17.500 m² BVO aan voorzieningen",0.47,0.34,0.19,Hoorn,"AM B.V., VORM Ontwikkeling B.V. & Ballast Nedam Development",520,2025-03-28,,,5.0700539653989463,52.656139559330349
Zuid-Holland,Rotterdam - Schoterboshof,,Aankondiging gegunde opdracht,"Ontwikkeling van 10.000 m² BVO woningen, 1.000 m² BVO commerciële voorzieningen, een schoolgebouw en gymzaal, en ondergronds parkeren.",0.5,0.5,0.0,'s-Gravenhage,Review RE B.V.,100,2025-02-28,,,4.3097739286297667,52.078147629215614
Zuid-Holland,Voorne aan Zee - De Ruy,,Aankondiging gegunde opdracht,Aanneemopdracht (Design & Build) voor 24 sociale en vrije sector huurwoningen in Oostvoorne.,0.5,0.0,0.5,Voorne aan Zee,Bouwgroep Schrijver B.V.,24,2025-05-11,,,4.1321653964132787,51.87634749225456
Gelderland,Duiven,,Aankondiging gegunde opdracht,Realisatie van maximaal 30 woningen op locatie van voormalig IKC,0.5,0.5,0.0,Duiven,,50,2024-10-09,,,6.0210178897703557,51.949304224623262
Noord-Holland,Hoofddorp - Victoriapark-West,,Aankondiging gegunde opdracht,"De tender betreft de ontwikkeling van maximaal 180 woningen in Victoriapark-West, met focus op appartementen (90%)",0.5,0.2,0.3,Haarlemmermeer,Dura Vermeer Bouw Midden West B.V.,180,2024-12-18,,,4.6864556979217493,52.308078681153248
Friesland,Heerenveen - Tjalleberd,,Aankondiging gegunde opdracht,"Verkoop en herontwikkeling van voormalig schoolterrein Streekstate in Tjalleberd tot minimaal 10 woningen, waarvan ten minste 5 sociaal.",0.5,0.0,0.5,Heerenveen,RE Projectontwikkeling B.V.,10,2025-05-19,,,5.9265519335769854,52.960269620474783
Gelderland,Duiven - Schoolstraat 14,,Aankondiging gegunde opdracht,Herontwikkeling van een oud schoolgebouw in Duiven tot 7 appartementen en 3 levensloopbestendige woningen.,0.7,0.3,0.0,Duiven,Geen winnaar gekozen,10,2025-04-22,,,6.0210178897703557,51.949304224623262
Noord-Holland,Enkhuizen - Zilverstraat,,Aankondiging gegunde opdracht,"De tender betreft de ontwikkeling van 40-55 woningen aan de Zilverstraat-Hoogstraat in Enkhuizen, met minimaal 25% sociale woningbouw",0.75,0.0,0.25,Enkhuizen,J. Henselmans Bouw B.V.,55,2025-01-10,,,5.2721090403239526,52.718287517731689
Noord-Holland,Koggenland - Dwingel 6,,Aankondiging gegunde opdracht,"Realisatie van 40 woningen en 1400 m² bedrijfsruimte voor een HOED, apotheek en kinderdagverblijf",0.9,0.0,0.1,Koggenland,Henselmans Bouw en Ontwikkeling B.V.,40,2024-11-24,,,4.9481613465969705,52.644688079004027
Noord-Holland,Schagen,,Aankondiging gegunde opdracht,Realisatie van 8 2-onder-1-kappers. Onderdeel van grotere ontwikkeling van 45 woningen,1.0,0.0,0.0,Schagen,Van Wijnen Projectontwikkeling Noord,8,2024-11-08,,,4.7984576375502686,52.786197186527779
Gelderland,Nijmegen,,Aankondiging gegunde opdracht,"Realisatie van 30 ""drijvende"" woningen aan de Oosterhoutseplas",1.0,0.0,0.0,Nijmegen,Bouwbedrijf van Middendorp B.V.,30,2024-11-02,,,5.8630437887818045,51.846210066002733
Friesland,Súdwest-Fryslân - Houkepoort,,Aankondiging gegunde opdracht,"Er zijn geen inschrijvingen, verzoeken tot deelname of projecten ontvangen.",1.0,0.0,0.0,Súdwest-Fryslân,,6,2025-02-21,,,5.5489847984588074,53.024803192989914
Noord-Holland,Uithoorn,,Aankondiging gegunde opdracht,Realisatie van 8 grondgebonden woningen op de Irenelaanlocatie,1.0,0.0,0.0,Uithoorn,KRKTR Projectontwikkeling B.V.,8,2024-10-21,,,4.7908459200834423,52.23690853463593
Utrecht,Utrecht - Haarrijn,2025-02-20,Aankondiging van opdracht,Realisatie 64 koopwoningen in verschillende prijscategorieën,,,,Utrecht,,64,2025-01-23,,,5.1179980646908829,52.093285299342256
Noord-Brabant,Etten-Leur,2025-05-01,Aankondiging van opdracht,"De gemeente Etten-Leur verkoopt het Oude Raadhuis voor herontwikkeling met behoud van de cultuurhistorische waarde, waarbij woningbouw mogelijk is.",,,,Etten-Leur,,,2025-02-03,,,4.6449661656408239,51.578314988244159
Limburg,Venlo,2025-01-17,Aankondiging van opdracht,Tijdelijke maatschappelijke opvanglocatie met 36 wooneenheden aan de Bakkersstraat in Venlo,,,,Venlo,,36,2024-11-21,,,6.1716991504400047,51.371473226641861
Gelderland,"Didam, Kilder en Nieuw-Dijk",2025-09-08,Aankondiging van opdracht,"Tender voor de ontwikkeling van 61 woningen verdeeld over drie locaties in Didam, Kilder en Nieuw-Dijk.",,,,Bronckhorst,,61,2025-04-15,,,6.3029543584338272,52.045231155082909
Limburg,Venlo,2025-05-20,Aankondiging van opdracht,Kavel met de mogelijkheid tot bouw van 2 nieuwe woningen,,,,Venlo,,2,2025-01-28,,,6.1716991504400047,51.371473226641861
Utrecht,De Ronde Venen - Hofland,2025-05-30,Aankondiging van opdracht,Aanbesteding voor de bouw van circa 25 koopappartementen op de voormalige Hoflandschoollocatie in Mijdrecht.,,,,De Ronde Venen,,25,2025-05-20,,,4.9172835092818161,52.22633446572614
Noord-Holland,Haarlem - Kruisstraat,2025-05-23,Aankondiging van opdracht,Bouwteam- en aannemingsopdracht voor de realisatie van 45 tijdelijke woningen in prefab units aan de Kruisstraat in Haarlem.,,,,Haarlem,,45,2025-05-13,,,4.6370933482047576,52.381131149310384
Noord-Brabant,Etten-Leur,2025-05-01,Aankondiging van opdracht,"De gemeente Etten-Leur verkoopt het Oude Raadhuis voor herontwikkeling met behoud van de cultuurhistorische waarde, waarbij woningbouw mogelijk is.",,,,Etten-Leur,,,2025-02-03,,,4.6449661656408239,51.578314988244159
Friesland,Súdwest-Fryslân - Scharnegoutum-Noord,2025-03-17,Aankondiging van opdracht,Tender voor de verkoop en ontwikkeling van 17 duurzame woningen in Scharnegoutum-Noord,,0.41,0.59,Súdwest-Fryslân,,17,2025-02-10,,,5.5489847984588074,53.024803192989914
Limburg,Heerlen - Hof van Heerlen,2025-05-28,Aankondiging van opdracht,"Transformatie van het DSM-kantoor in Heerlen tot een duurzame, inclusieve woonwijk met 150-180 woningen in diverse segmenten.",,,,Heerlen,,180,2025-04-10,,,5.9773426887814933,50.885759081901405
Zuid-Holland,Gouda,2025-04-07,Aankondiging van opdracht,De tender betreft de transformatie van bestaand vastgoed in Gouda en Alphen aan den Rijn om tijdelijke opvangvoorzieningen voor Oekraïense ontheemden te realiseren.,,,,Gouda,,,2025-03-04,,,4.7124642673493176,52.0132217243016
Zuid-Holland,Hendrik-Ido-Ambacht,2025-04-16,Aankondiging van opdracht,"Tender voor de ontwikkeling en verkoop van 20 woningen in De Hofjes,",,,,Hendrik-Ido-Ambacht,,20,2025-02-14,,,4.6379257806112362,51.846374778687526
Gelderland,Apeldoorn,2025-01-14,Aankondiging van opdracht,De tender betreft de tijdelijke huisvesting voor 18 maanden van 74 personen op de Noorderlaan 59/61 in Apeldoorn.,,,,Apeldoorn,,,2024-11-16,,,5.9639313585193,52.213051616172741
Overijssel,Enschede - Eschmarkerveld,2025-07-07,Aankondiging van opdracht,Openbare verkoop van ontwikkelvelden voor woningbouw in nieuwbouwwijk Eschmarkerveld in Enschede.,,,,Enschede,,131,2025-05-14,,,6.8994394416642058,52.219304382397588
Zuid-Holland,Ter Aar - Zuidoost,2025-05-23,Aankondiging van opdracht,"Bouwteamselectie voor het bouw- en woonrijp maken van 500 woningen in Ter Aar Zuidoost, met mogelijke aanneming van de uitvoeringsfase.",,,,Nieuwkoop,,500,2025-05-08,,,4.7794693640974915,52.170786227239141
Friesland,Heerenveen - De Eide,2025-04-14,Aankondiging van opdracht,De tender betreft de ontwikkeling en verkoop van 9 3-onder-een-kap woningen.,,,,Heerenveen,,27,2025-03-04,,,5.9265519335769854,52.960269620474783
Groningen,Veendam,2025-03-17,Aankondiging van opdracht,De gemeente zoekt een ontwikkelaar die het perceel op de Golfkop koopt en er op eigen risico maximaal 28 betaalbare woningen bouwt.,0.0,0.0,1.0,Veendam,,28,2025-01-09,,,6.8624707292333058,53.108090345103513
Flevoland,Urk - Heemskercklaan,2025-03-31,Aankondiging van opdracht,"Tender voor vijf projectmatige rijwoningen in Zeeheldenwijk, Urk, binnen het betaalbare koopsegment.",0.0,1.0,0.0,Urk,,5,2025-02-25,,,5.6229115881291962,52.66485366358701
Noord-Holland,Amsterdam - Buikslotermeerplein ,2025-06-18,Aankondiging van opdracht,Tender voor een woontoren met middeldure huurwoningen en 1.660 m² BVO aan niet-woonfuncties,0.0,1.0,0.0,Amsterdam,,155,2025-03-27,,,4.8864548581301372,52.363849071469723
Noord-Brabant,Hilvarenbeek - De Wingerd,2025-06-20,Aankondiging van opdracht,"Verkoop van gemeentegrond in Esbeek voor circa 16-20 woningen, waaronder 8 sociale huurwoningen, betaalbare koopwoningen en een ontmoetingsruimte.",0.0,0.4,0.6,Hilvarenbeek,,20,2025-04-30,,,5.145456096544037,51.47952454388372
Zeeland,Vlissingen - Dongestraat,2025-06-01,Aankondiging van opdracht,Tender voor de ontwikkeling van een kerngezondcentrum met circa 24 middeldure koopwoningen aan de Dongestraat in Oost-Souburg.,0.0,1.0,0.0,Vlissingen,,24,2025-04-23,,,3.6192322260624277,51.460196113564805
Overijssel,Zwolle - Veld F2 De Tippe,2025-02-18,Aankondiging van opdracht,"Europese aanbesteding voor duurzame ontwikkeling van 26 koopwoningen in Veld F2, De Tippe, Zwolle.",0.0,0.69,0.31,Zwolle,,26,2025-01-07,,,6.1001740138396956,52.512748021955616
Flevoland,Urk - Constantijnstraat,2025-06-06,Aankondiging van opdracht,Ontwikkeling van minimaal 16 grondgebonden (midden)huurwoningen in Oranjewijk fase 3 in Urk.,0.0,1.0,0.0,Urk,,16,2025-04-23,,,5.6229115881291962,52.66485366358701
Friesland,Heerenveen - Haskerdijken,2025-05-26,Aankondiging van opdracht,"Ontwikkelopdracht voor 7 betaalbare woningen in Haskerdijken, met selectie op basis van laagste VON-prijs",0.0,1.0,0.0,Heerenveen,,7,2025-05-26,,,5.9265519335769854,52.960269620474783
Flevoland,Almere - Nobelhorst,2025-06-26,Aankondiging van opdracht,Tender voor gronduitgifte voor 50 middenhuur eengezinswoningen in Nobelhorst Almere,0.0,1.0,0.0,Almere,,50,2025-05-12,,,5.2194160555293,52.3711547792911
Noord-Holland,"Haarlem - BEA Hart van Parkwijk, kavel 4",2025-06-12,Aankondiging van opdracht,Aanneemopdracht voor het ontwerp en de realisatie van een gecombineerd gebouw met 64 sociale huurwoningen en een school (ITK) in Haarlem.,0.0,0.0,1.0,Haarlem,,64,2025-05-01,,,4.6370933482047576,52.381131149310384
Gelderland,Lingewaard - Sallandstraat,2025-05-22,Aankondiging van opdracht,Tender voor de verkoop van bouwgrond in Haalderen voor 38 grondgebonden en 32 gestapelde woningen.,0.0,0.31,0.69,Lingewaard,,70,2025-02-21,,,5.9422282790521033,51.901531125143045
Friesland,Súdwest-Fryslân - Boazum,2025-06-23,Aankondiging van opdracht,Tender voor verkoop en ontwikkeling van 10 koopwoningen in Boazum,0.0,0.2,0.8,Súdwest-Fryslân,,10,2025-05-15,,,5.5489847984588074,53.024803192989914
Noord-Brabant,Loon op Zand - Dodenauweg,2025-05-20,Aankondiging van opdracht,"Deze tender betreft de ontwikkeling, realisatie en exploitatie van 6080 flexwoningen in het sociale en middeldure huursegment in Kaatsheuvel voor een periode van 15 jaar.",0.0,0.775,0.225,Loon op Zand,,80,2025-04-03,,,5.0339493619864069,51.661136406913876
Gelderland,Montferland - 5 ontwikkellocaties,2025-06-30,Aankondiging van opdracht,Tender voor verkoop en ontwikkeling van 119 woningen op 5 locaties in Montferland,0.13,0.39,0.48,Montferland,,119,2025-05-12,,,6.2137784517803887,51.916893246413274
Gelderland,Putten - Achterstraat,2025-05-09,Aankondiging van opdracht,Tender voor de verkoop van grond aan de Achterstraat 20 voor circa 15  woningen.,0.2,0.2,0.6,Putten,,15,2025-03-29,,,5.60559785869958,52.259912694776396
Noord-Holland,Heemskerk,2025-04-10,Aankondiging van opdracht,De gemeente Heemskerk zoekt een partner voor de herontwikkeling van De Velst met een kindcentrum en circa 90 woningen.,0.26,0.44,0.3,Heemskerk,,90,2025-02-12,,,4.6718932804477156,52.511308793462689
Utrecht,Utrechtse Heuvelrug - Sportlaan,2025-07-18,Aankondiging van opdracht,Verkoop en ontwikkeling van 44 woningen in bosrijke setting aan de Sportlaan in Driebergen.,0.27,0.57,0.16,Utrechtse Heuvelrug,,44,2025-05-16,,,5.3883215046596007,52.034714292518196
Noord-Brabant,Drimmelen - Lageweg,2025-06-27,Aankondiging van opdracht,Tender voor concessieopdracht: 6070 flexwoningen in Terheijden,0.3,0.4,0.3,Drimmelen,,70,2025-05-10,,,4.8049139354211947,51.706896477733942
Noord-Holland,Amsterdam - Sluisbuurt,2025-09-12,Aankondiging van opdracht,Selectie van ontwikkelaar voor realisatie van 100 biobased woningen en commerciële plint aan het Waterplein in de Sluisbuurt (Amsterdam),0.3,0.7,0.0,Amsterdam,,100,2025-05-15,,,4.8864548581301372,52.363849071469723
Zuid-Holland,Katwijk - De Horn,2025-04-29,Aankondiging van opdracht,De tender betreft de ontwikkeling en realisatie van 66 duurzame woningen in Rustig Water.,0.32,0.35,0.33,Katwijk,,66,2025-03-14,,,4.4289984110221363,52.194699241014249
Friesland,Súdwest-Fryslân - Ijlsterplein,2025-08-29,Aankondiging van opdracht,Tender voor verkoop en ontwikkeling van maximaal 60 koopwoningen op het IJlsterplein in Sneek,0.33,0.33,0.34,Súdwest-Fryslân,,60,2025-05-15,,,5.5489847984588074,53.024803192989914
Zuid-Holland,Dordrecht - Spuiboulevard,2025-02-13,Aankondiging van opdracht,De tender omvat de ontwikkeling van 139-150 woningen met minimaal 650 m² plintfuncties.,0.33,0.33,0.34,Dordrecht,,150,2024-12-12,,,4.66860815725333,51.813414596382451
Noord-Holland,Amsterdam - Eenhoorngebied,2025-01-20,Aankondiging van opdracht,Ontwikkelen van 8.858m2 BVO waarvan minimaal twee derde van het BVO voor middeldure huur is en 300m2 plint.,0.33,0.67,0.0,Amsterdam,,95,2024-11-18,,,4.8864548581301372,52.363849071469723
Overijssel,Twenterand - Vriezenveen,2025-04-24,Aankondiging van opdracht,"De tender betreft de ontwikkeling en realisatie van circa 100 woningen in Westerbouwlanden Noord, Vriezenveen.",0.33,0.27,0.4,Twenterand,,100,2025-03-19,,,6.5980805908898761,52.447889026106594
Utrecht,Houten - De Poort,2025-05-08,Aankondiging van opdracht,Tender voor de bouw van 30 seniorenwoningen met ontmoetingsruimte in Houten.,0.34,0.36,0.3,Houten,,30,2025-03-29,,,5.1817153681582813,52.004094963662119
Groningen,Westerwolde - Boermarke II,2025-06-16,Aankondiging van opdracht,"Verkoop van gemeentelijke grond voor circa 70 woningen in Vlagtwedde, inclusief sociale huurwoningen voor Acantus, koopwoningen en openbare ruimte.",0.35,0.2,0.45,Westerwolde,,70,2025-05-16,,,7.1201855844013551,53.013996640763828
Friesland,Súdwest-Fryslân - Wallemadyk,2025-06-23,Aankondiging van opdracht,Tender voor verkoop en ontwikkeling van 17 koopwoningen in Folsgare,0.35,0.18,0.47,Súdwest-Fryslân,,17,2025-05-15,,,5.5489847984588074,53.024803192989914
Utrecht,Utrecht - Beurskwartier,2025-06-05,Aankondiging van opdracht,"De gemeente Utrecht zoekt een ontwikkelaar om een gemengd bouwblok met circa 385 woningen, kantoren en voorzieningen te realiseren.",0.38,0.38,0.24,Utrecht,,385,2025-03-20,,,5.1179980646908829,52.093285299342256
Zuid-Holland,Zwijndrecht - Noordoevers,2025-06-25,Aankondiging van opdracht,Verkoop- en ontwikkelopdracht voor maximaal 225 woningen in het midden- en dure segment aan de Noordoevers in Zwijndrecht.,0.4,0.6,0.0,Zwijndrecht,,225,2025-05-14,,,4.6477272471206987,51.816011467297869
Gelderland,Oude Ijsselstreek - De Tuit,2025-06-03,Aankondiging van opdracht,Verkoop en ontwikkeling van 61 grondgebonden woningen in dorps woonmilieu De Tuit te Varsseveld.,0.48,0.37,0.15,Oude IJsselstreek,,61,2025-05-20,,,6.4094954732764116,51.907824367155825
Gelderland,Arnhem - Schuytgraaf Veld 1,2025-09-15,Aankondiging van opdracht,"Ontwikkelopdracht voor circa 54 grondgebonden woningen in Schuytgraaf veld 1 (Arnhem), met nadruk op betaalbare koop",0.5,0.25,0.25,Arnhem,,54,2025-05-27,,,5.904063764216831,51.98157950081778
Flevoland,Lelystad - Theaterkwartier,2025-04-24,Aankondiging van opdracht,Tender voor woningbouw van 250 duurzame woningen in Lelystads Theaterkwartier.,0.5,0.5,0.0,Lelystad,,250,2025-04-07,,,5.4712051366949259,52.478785532520661
Zuid-Holland,Vlaardingen - Erasmusplein,2025-03-10,Aankondiging van opdracht,"De tender betreft de ontwikkeling van Erasmusplein B4 met minimaal 60 vrije sector woningen, 42 zorgwoningen en een kinderdienstencentrum in Vlaardingen.",0.59,0.0,0.41,Vlaardingen,,102,2025-01-27,,,4.3369094828817536,51.91095885648339
Zuid-Holland,Vlaardingen - Erasmusplein,2025-03-10,Aankondiging van opdracht,"De tender betreft de ontwikkeling van Erasmusplein B4 met minimaal 60 vrije sector woningen, 42 zorgwoningen en een kinderdienstencentrum in Vlaardingen.",0.59,0.0,0.41,Vlaardingen,,102,2025-01-27,,,4.3369094828817536,51.91095885648339
Groningen,Groningen - Hadingestraat,2025-04-30,Aankondiging van opdracht,Groningen zoekt een ontwikkelaar voor de herontwikkeling van een parkeergarage tot een gemengd woongebouw met ca. 40 woningen en een publieke fietsenstalling.,0.6,0.4,0.0,Groningen,,40,2025-03-20,,,6.56585074014772,53.219257850813626
Gelderland,Nijmegen - Waalkwartier West,2025-05-01,Aankondiging van opdracht,"Aanneemopdracht in bouwteamverband voor de realisatie van circa 291 woningen en een parkeergarage in Waalkwartier West, Nijmegen.",0.64,0.0,0.36,Nijmegen,,291,2025-04-02,,,5.8630437887818045,51.846210066002733
Noord-Holland,Hoofddorp - Lincolnpark,2025-02-14,Aankondiging van opdracht,"De tender omvat 343-187 woningen met midden, vrije sector (incl. CPO), mobiliteitshubs en focus op duurzaamheid",0.7,0.3,0.0,Haarlemmermeer,,387,2024-12-22,,,4.6864556979217493,52.308078681153248
Noord-Holland,Amsterdam - Centrumeiland,2025-02-14,Aankondiging van opdracht,De tender betreft de ontwikkeling van een woonblok met 110 woningen. Hiervan moet 20 tot 40 procent in het betaalbare segment (sociaal/midden) zijn,0.8,0.2,0.0,Amsterdam,,110,2024-12-10,,,4.8864548581301372,52.363849071469723
Utrecht,Nieuwegein City - Blok C1,2025-03-17,Aankondiging van opdracht,"De tender betreft de ontwikkeling en realisatie van 102 appartementen in City Nieuwegein, waarvan 17 in het betaalbare segment.",0.83,0.17,0.0,Nieuwegein,,102,2025-02-04,,,5.0811149874145514,52.028613077528625
Utrecht,Nieuwegein City - Blok C1,2025-03-17,Aankondiging van opdracht,"De tender betreft de ontwikkeling en realisatie van 102 appartementen in City Nieuwegein, waarvan 17 in het betaalbare segment.",0.83,0.17,0.0,Nieuwegein,,102,2025-02-04,,,5.0811149874145514,52.028613077528625
Noord-Brabant,Moerdijk - Sporenbergstraat,2025-05-20,Aankondiging van opdracht,Tender voor verkoop en ontwikkeling van 8 grondgebonden koopwoningen in Zevenbergschen Hoek,1.0,0.0,0.0,Moerdijk,,8,2025-05-08,,,4.6064673243166405,51.643962785334956
Noord-Holland,Ouder-Amstel,2025-03-18,Aankondiging van opdracht,Tender voor de verkoop van een perceel voor de realisatie van één twee-onder-een-kapwoning.,1.0,0.0,0.0,Ouder-Amstel,,2,2025-02-05,,,4.9135154560500025,52.289375876562239
Noord-Holland,Ouder-Amstel,2025-03-18,Aankondiging van opdracht,Tender voor de verkoop van een perceel voor de realisatie van één twee-onder-een-kapwoning.,1.0,0.0,0.0,Ouder-Amstel,,2,2025-02-05,,,4.9135154560500025,52.289375876562239
Utrecht,Amersfoort - Palissaden,2025-05-20,Aankondiging van opdracht,Tender voor twee kavels in Amersfoort voor de bouw van vrijstaande woningen.,1.0,0.0,0.0,Amersfoort,,2,2025-05-27,,,5.3929497237684343,52.15739909006075
Limburg,Kerkrade - Bleijerheide,2025-04-17,Aankondiging van opdracht,De gemeente Kerkrade verkoopt 13 kavels voor de bouw van 7 patiowoningen en 6 eengezinswoningen via een selectie- en gunningsprocedure.,1.0,0.0,0.0,Kerkrade,,13,2025-03-17,,,6.0584015180078579,50.864062837788062
Noord-Holland,Purmerend - Torenmolen 9,2025-04-18,Aankondiging van opdracht,De gemeente Purmerend verkoopt een bouwrijp perceel voor de ontwikkeling en realisatie van vijf grondgebonden rijwoningen in de vrije sector.,1.0,0.0,0.0,Purmerend,,5,2025-02-21,,,4.948619611845638,52.506110226481482
Flevoland,Lelystad - Zuiderhage,2025-06-01,Marktconsultatie,"Marktconsultatie voor toekomstige ontwikkeling van ca. 2.000 woningen in buurtschappen 6 en 7 van Zuiderhage, Lelystad",,,,Lelystad,,2000,2025-05-08,,,5.4712051366949259,52.478785532520661
Zuid-Holland,Dordrecht - Smitzigt,2025-03-31,Marktconsultatie,Marktconsultatie voor bungalows in Boomgaard Smitzigt met behoud van monumentale bomen.,,,,Dordrecht,,,2025-02-10,,,4.66860815725333,51.813414596382451
Zuid-Holland,Zuidplas - Keijzerschool Moerkapelle,2025-06-11,Marktconsultatie,Marktconsultatie als voorbereiding op tender voor 12 koopwoningen op Keijzerschoollocatie in Moerkapelle.,0.0,0.5,0.5,Zuidplas,,12,2025-05-13,,,4.6070716347909446,51.998877150891389
Gelderland,Apeldoorn - Beekbergsebroek,,Marktconsultatie,"De gemeente Apeldoorn zoekt marktpartijen voor Host-City Beekbergsebroek, met 300 permanente woningen (30% duur, 35% middeldure, 35% sociaal) en 200 flexwoningen (100% sociaal).",0.18,0.21,0.61,Apeldoorn,,500,2025-02-21,,,5.9639313585193,52.213051616172741
Flevoland,Lelystad - Bataviahaven,2025-03-14,Marktconsultatie,Tender voor de ontwikkeling van 250-300 woningen met commerciële ruimte en parkeervoorzieningen.,0.5,0.5,0.0,Lelystad,,300,2025-02-28,,,5.4712051366949259,52.478785532520661
Gelderland,Nijmegen - Hoge Bongerd,,Marktconsultatie,"Gebiedsontwikkeling Hoge Bongerd, met 250 woningen (210 dure koop, 40 sociale huur) en commerciële plintfuncties",0.84,0.16,0.0,Nijmegen,,250,2024-11-28,,,5.8630437887818045,51.846210066002733
Limburg,Heerlen - Weltertuijnstraat ,2025-05-20,Verkoopprocedure,Verkoop van voormalige Marechausseekazerne,,,,Heerlen,,,2025-03-18,,,5.9773426887814933,50.885759081901405
Noord-Holland,Hilversum - Vaartweg 180,,Verkoopprocedure,"Veelzijdig herontwikkelingsobject in Hilversum (1.529 m² BVO) met woon- en kantoormogelijkheden, vanaf  1.750.000,- K.K.",,,,Hilversum,,,2025-03-08,,,5.1756269762595188,52.223595876376379
Gelderland,Doetinchem - Klootsemastraat 1,2025-03-06,Verkoopprocedure,Verkoop van voormalige gevangenis,,,,Doetinchem,,,2024-12-19,,,6.2919424062379292,51.966129763458667
Noord-Holland,Amsterdam - Luttenbergweg 8,2025-03-05,Verkoopprocedure,Verkoop van kantoorpand,,,,Amsterdam,,,2024-11-14,,,4.8864548581301372,52.363849071469723
Zuid-Holland,Den Haag - Neuhuyskade 32,2025-01-31,Verkoopprocedure,Verkoop van kantoorpand,,,,'s-Gravenhage,,,2024-11-19,,,4.3097739286297667,52.078147629215614
Noord-Brabant,Rucphen - De Vijfsprong,2025-09-01,Verkoopprocedure,Verkoop van voormalig sportcomplex in Rucphen met herontwikkelingspotentie.,,,,Rucphen,,,2025-05-12,,,4.5585626132444208,51.522672707044947
Zuid-Holland,Rijswijk - Laan Hofrust 2-4,2025-07-11,Verkoopprocedure,"Monumentale buitenplaats Hofrust in Oud-Rijswijk (1.550 m² BVO) staat leeg en wordt via openbare inschrijving verkocht; de gemeente staat open voor transformatie naar wonen, kantoorruimte, lichte horeca of een combinatie hiervan.",,,,Rijswijk,,,2025-05-13,,,4.3196813195240669,52.046616980946233
Drenthe,Assen,,Verkoopprocedure,Verkoop van kantoorpand,,,,Assen,,,2025-01-03,,,6.5589412314351581,52.988480746379508
Flevoland,Almere - Watersnipweg,,Vooraankondiging,"De tender omvat 6.944 m² grasland in Almere met woningbouwpotentie, waarbij herbestemming nodig kan zijn voor ontwikkelingsmogelijkheden.",,,,Almere,,,2025-03-12,,,5.2194160555293,52.3711547792911
Noord-Brabant,Waalwijk - Krophollerensemble,2025-03-04,Vooraankondiging,"Herontwikkeling van de monumentale panden die worden getransformeerd met publiekstrekkende functies op de begane grond en mogelijk aanvullende functies, binnen de gestelde erfpacht- en planologische kaders.",,,,Waalwijk,,,2025-04-01,,,5.0672827247798429,51.688598408210673
Noord-Holland,Drechterland - Schellinkhout,2025-06-10,Vooraankondiging,Tender voor de ontwikkeling van 34 woningen op het voormalige sportveld van Schellinkhout in drie prijsklassen.,0.32,0.3,0.38,Drechterland,,34,2025-04-18,,,5.1706139881840967,52.693143681221486
Groningen,Midden-Groningen,2025-01-23,Vooraankondiging,De tender omvat de ontwikkeling van maximaal 99 woningen verdeeld over vijf locaties in Midden-Groningen,0.48,0.22,0.3,Midden-Groningen,,99,2024-12-06,,,6.8074438316131172,53.195331677172135
Zuid-Holland,Waddinxveen - 't Suyt 2,2025-06-19,Vooraankondiging,Verkoop en ontwikkeling van 73 commerciële woningen in t Suyt II te Waddinxveen.,0.74,0.26,0.0,Waddinxveen,,73,2025-05-19,,,4.6527246229199344,52.041716666593715
Utrecht,Utrecht - Amsterdamsestraatweg,2025-06-10,Vooraankondiging,Ontwikkelopdracht in mede-opdrachtgeverschap voor 21 vrije sectorwoningen aan het park en de Amsterdamsestraatweg in Utrecht.,1.0,0.0,0.0,Utrecht,,21,2025-05-13,,,5.1179980646908829,52.093285299342256
Gelderland,Tiel - Veilinghuis & Metawa-gebouw,2026-06-30,Voorselectiefase,Herontwikkeling van het Veilinghuis en Metawa-gebouw in Tiel tot een unieke woon- en werkplek met maximaal 16 woningen en commerciële functies.,1.0,0.0,0.0,Tiel,,16,2025-05-15,,,5.4068600184655944,51.88508227172585
Utrecht,Veenendaal - Pionierkwartier,,Aankondiging gegunde opdracht,Contractovername van een eerder gegunde ontwikkelovereenkomst voor woningbouw in het Pionierkwartier Veenendaal,,,,Veenendaal,Ontwikkelcombinatie BPD - Kreeft B.V.,,2025-05-30,,,5.5575338838313684,52.027047344720231
Noord-Holland,Amstelveen - De Hoeksteen,2025-09-05,Aankondiging van opdracht,Ontwikkelopgave in Aalsmeer voor de realisatie van 20-22 woningen inclusief sloop en sanering,0.3,0.4,0.3,Amstelveen,,22,2025-05-30,,,4.8644085683650546,52.302669291777811
Noord-Brabant,Vught,2025-07-11,Aankondiging van opdracht,"Verkoop en ontwikkeling van 44 grondgebonden woningen op Isabellaveld fase 2 in Vught, inclusief erfpachtconstructie en koopsegmenten",0.23,0.22,0.55,Vught,,44,2025-06-01,,,5.2975953360154628,51.657250748527069
Drenthe,Emmen - Nieuw-Amsterdam,2025-07-07,Aankondiging van opdracht,Verkoop en ontwikkeling van een perceel voor 1216 appartementen in Nieuw-Amsterdam met minimaal 2/3 betaalbare woningen,0.33,0.67,,Emmen,,16,2025-06-02,,,6.9025384719770981,52.787303684989766
Noord-Holland,Amsterdam - Kenniskwartier Kavel 2C,2025-09-19,Aankondiging van opdracht,"Dienstenopdracht voor de ontwikkeling van 6075 woningen in Kavel 2C van het Kenniskwartier Zuidas Amsterdam, inclusief plintfuncties en fietsenstalling.",0.2,0.8,,Amsterdam,,75,2025-06-02,,,4.8864548581301372,52.363849071469723
Flevoland,Almere - Europakwartier,2025-06-30,Aankondiging van opdracht,"Tender voor verkoop en ontwikkeling van 75 woningen (waarvan 16 appartementen) in New Brooklyn, Almere",0.89,0.11,,Almere,,75,2025-06-02,,,5.2194160555293,52.3711547792911
Groningen,Het Hogeland - Molenerf ,2025-07-23,Marktconsultatie,Deze marktconsultatie betreft een voorgenomen ontwikkeling van een commerciële plint met daarboven 8 tot 10 appartementen op het Molenerf in Uithuizen,,,,Het Hogeland,,10,2025-06-03,,,6.5318850214977955,53.37872929713425
Drenthe,Assen,2025-07-09,Aankondiging van opdracht,Biedprocedure voor de verkoop van grond en realisatie van 22 grondgebonden koopwoningen in Kloosterakker fase 3 te Assen,,,,Assen,,22,2025-06-05,,,6.5589412314351581,52.988480746379508
Noord-Holland,Purmerend,2025-07-07,Aankondiging van opdracht,"Aanneemopdracht voor het ontwerpen, realiseren en beheren van circa 220 tijdelijke sociale- en middenhuurwoningen in Purmerend",,0.3,0.7,Purmerend,,220,2025-06-06,,,4.948619611845638,52.506110226481482
Flevoland,Urk,2025-06-27,Aankondiging van opdracht,Verkoopprocedure voor 15 koopwoningen in Veld A.1 van de Zeeheldenwijk te Urk.,0.87,0.13,,Urk,,15,2025-06-05,,,5.6229115881291962,52.66485366358701
Noord-Brabant,Eindhoven - Stads-Hart Woensel,2025-10-06,Aankondiging van opdracht,Partnerselectie voor integrale gebiedsontwikkeling van Stads-Hart Woensel in Eindhoven met circa 3.000 woningen en voorzieningen,,,,Eindhoven,,3000,2025-06-14,,,5.4838193025988682,51.44293095915463
Drenthe,Coevorden,2025-07-10,Aankondiging van opdracht,"Tender voor de verkoop en ontwikkeling van 41 koopwoningen in de middeldure en dure segmenten in Ossehaar fase C, Coevorden",0.59,0.41,,Coevorden,,41,2025-06-16,,,6.7407250748413272,52.662341783169488
Utrecht,Montfoort,2025-09-08,Aankondiging van opdracht,"Aanneemopdracht voor levering, plaatsing en onderhoud van 20 modulaire woonunits in IJsselveld, Montfoort",,,,Montfoort,,20,2025-06-17,,,4.9440480515797889,52.047708333429711
Flevoland,Noordoostpolder,2025-07-07,Marktconsultatie,Marktconsultatie voor selectie van ontwikkelpartners voor woningbouw op ca. 15 locaties in de Noordoostpolder met nadruk op betaalbare segmenten,,,,Noordoostpolder,,450,2025-06-16,,,5.7681248754353316,52.712672558887753
Zuid-Holland,Katwijk - Valkenhorst,,Vooraankondiging,Verkoop en ontwikkeling van 400500 woningen inclusief openbare ruimte in Valkenhorst fase 1 te Katwijk.,,,,Katwijk,,500,2025-06-13,,,4.4289984110221363,52.194699241014249
Zuid-Holland,Gouda - Westergouwe - Bouwveld 17/18,2025-07-21,Aankondiging van opdracht,"Tender voor de verkoop en ontwikkeling van maximaal 38 dure en middeldure grondgebonden woningen in Westergouwe, Gouda.",0.68,0.32,0.0,Gouda,,38,2025-06-13,,,4.7124642673493176,52.0132217243016
Zuid-Holland,Gouda - Westergouwe - Bouwveld 15,2025-07-21,Aankondiging van opdracht,"Tender voor de verkoop en ontwikkeling van maximaal 28 dure koopappartementen op bouwveld 15 in Westergouwe, Gouda.",1.0,0.0,0.0,Gouda,,28,2025-06-13,,,4.7124642673493176,52.0132217243016
Overijssel,Kampen - Zandberglocatie,2025-07-11,Voorselectiefase,Verkoop en ontwikkeling van 16 woningen op de voormalige schoollocatie Zandberg in IJsselmuiden.,0.25,0.75,0.0,Kampen,,16,2025-06-04,,,5.9313755425856458,52.5555694086111
Utrecht,Amersfoort - Wagenwerkplaats,2025-09-05,Voorselectiefase,"Ontwikkelopdracht voor realisatie van 500 woningen en voorzieningen op de Wagenwerkplaats West en Midden in Amersfoort, met een mix van sociale, betaalbare en vrije sector woningen.",0.4,0.3,0.3,Amersfoort,,500,2025-06-17,,,5.3929497237684343,52.15739909006075
Groningen,Groningen - Spoorkwartier,2025-10-06,Voorselectiefase,Partnerselectie voor de ontwikkeling en realisatie van circa 260 woningen en voorzieningen in het Spoorkwartier Groningen.,0.44,0.23,0.33,Groningen,,260,2025-06-12,,,6.56585074014772,53.219257850813626
Noord-Holland,Zaandam - Poelenburglaan,2025-07-03,Aankondiging van opdracht,Design & Build-aanneemopdracht voor de realisatie van 48 sociale- en middenhuurwoningen aan de Poelenburglaan in Zaandam.,0.0,0.5,0.5,Zaanstad,,48,2025-06-12,,,4.8269385917678234,52.44400056164794
Groningen,Midden-Groningen - Spilbergenkade,2025-09-15,Voorselectiefase,"Tender voor de ontwikkeling en (deels Turnkey) realisatie van ca. 270320 woningen in Zeeheldenbuurt West te Hoogezand, incl. 164 sociale huurwoningen.",0.39,0.0,0.61,Midden-Groningen,,320,2025-06-02,,,6.8074438316131172,53.195331677172135
Noord-Holland,Purmerend - Boeierstraat,2025-09-02,Aankondiging van opdracht,"Verkoop- en ontwikkelopdracht voor circa 90 woningen aan de Boeierstraat in Purmerend met een mix van sociale huur, middenhuur en vrije sector.",0.55,0.25,0.2,Purmerend,,90,2025-06-04,4.9051725448948078,52.543357059669908,4.948619611845638,52.506110226481482
Zuid-Holland,Rotterdam - Rijnhaven blok 1,2025-10-13,Aankondiging van opdracht,"Ontwikkelopdracht voor circa 900 tot 1.000 woningen en 30.528 m² BVO aan maatschappelijke, commerciële en overige niet-woning functies binnen gebiedsontwikkeling Rijnhaven, Rotterdam.",0.5,0.2,0.3,Rotterdam,,1000,2025-06-19,4.4956397858790211,51.904722691432973,4.476885694060905,51.91566116867925
Noord-Holland,Amsterdam - Strandeiland,2026-01-15,Vooraankondiging,Ontwikkelopdracht voor maximaal 350 woningen en een niet-woonprogramma. De totale opdracht bevat minimaal 50.500 m² BVO op bouwvelden P9 en P10 op Strandeiland in Amsterdam.,,,,Amsterdam,,350,2025-06-19,5.0325524254162852,52.3556935820159,4.8864548581301372,52.363849071469723
Friesland,Smallingerland - Vrijburgh,2025-07-10,Marktconsultatie,Ontwikkelopdracht voor 1825 duurzame patiowoningen in de landschappelijke woonwijk,,,,Smallingerland,,25,2025-06-20,6.0889667920659765,53.129271872036142,6.097430559619049,53.106170333285633
Friesland,Súdwest-Fryslân - It Finster,2025-09-30,Marktconsultatie,Ontwikkelopdracht voor circa 26 zorggeschikte nultredenwoningen voor ouderen op de locatie van het voormalige schoolgebouw It Finster in Workum.,,,,Súdwest-Fryslân,,26,2024-06-24,5.4432614560362413,52.974377651974116,5.5489847984588074,53.024803192989914
Groningen,Midden-Groningen - Slochteren,2025-10-06,Aankondiging van opdracht,Tender voor verkoop en herontwikkeling van Hoofdweg 200-204 te Slochteren met woningbouw als doel.,,,,Midden-Groningen,,3,2025-06-24,6.7934030477618084,53.203686322776448,6.8074438316131172,53.195331677172135
Utrecht,Bilthoven - Schapenweide ,,Aankondiging gegunde opdracht,De tender betreft de verkoop van ontwikkellocatie Schapenweide in Bilthoven voor de realisatie van 450 woningen en 25.000 m² aan life science bedrijven.,0.4,0.3,0.3,De Bilt,"AM B.V., 2Build B.V.",450,2025-06-20,5.189729071073697,52.115556264652049,5.1743124954404989,52.141732398390928
Limburg,Bergen (Limburg) - Mosaïque Oost ,,Aankondiging gegunde opdracht,"Opdracht voor de ontwikkeling, realisatie en verkoop van 25 appartementen en horecaruimte in Mosaïque Oost, Nieuw Bergen.",0.45,0.3,0.25,Bergen (L.),Aannemersbedrijf P. Kaal B.V.,25,2025-06-24,6.0503601487032892,51.604152163318261,6.089381748887865,51.59190797338632
Gelderland,Nijmegen - Kanaalknoop Zuid,,Aankondiging gegunde opdracht,Vrijwillige transparantie voorafgaand aan een partnerselectie waarbij gemeente Nijmegen drie reeds geselecteerde marktpartijen uitnodigt voor de verkoop en ontwikkeling van circa 150 woningen op Kanaalknoop Zuid Fase 2,,,,Nijmegen,"Dura Vermeer Bouw Zuid B.V., Kondor Wessels Projecten B.V., VanWonen Projecten B.V.",150,2025-06-25,5.8160772454144816,51.816717417248732,5.8630437887818045,51.846210066002733
Overijssel,Almelo - Schelfhorstdwarsweg ,2025-06-25,Aankondiging van opdracht,Tender voor de ontwikkeling en realisatie van circa 65 modulaire opvangwoningen voor Oekraïense gezinnen in Almelo,,,,Almelo,,65,2025-05-25,6.6661582435936495,52.377676241059021,6.6581954388583338,52.347890333978953
Flevoland,Lelystad - Bataviahaven,2025-07-09,Aankondiging van opdracht,Tender voor de uitgifte van bouwgrond aan Schoonzicht in Bataviahaven Lelystad voor de ontwikkeling van minimaal 100 woningen en commerciële plint,0.5,0.5,0.0,Lelystad,,100,2025-06-25,5.4404695535943652,52.517027473907838,5.4712051366949259,52.478785532520661
Flevoland,Urk - Zeeheldenwijk fase 2,2025-09-26,Aankondiging van opdracht,Gronduitgifte voor de ontwikkeling en realisatie van 16 kleine koopwoningen in Veld A.2. van de Zeeheldenwijk in Urk,0.0,0.25,0.75,Urk,,16,2025-06-26,5.6411750276143842,52.655467860800975,5.6229115881291962,52.66485366358701
Limburg,Maastricht - Trege terrein,2025-08-22,Marktconsultatie,Marktconsultatie voor de toekomstige gebiedsontwikkeling van 600 woningen op het TregaZinkwit-terrein in Maastricht met collectief warmtenet.,,,,Maastricht,,600,2025-06-29,5.7016148577704975,50.8653615271294,5.6934002736617844,50.849967814326313
Utrecht,Soest - De Vliegbasis,2025-08-22,Aankondiging van opdracht,Gebiedsontwikkeling van circa 400450 natuurinclusieve woningen op de voormalige Vliegbasis Soesterberg.,,,,Soest,,450,2025-07-04,5.2721661570874421,52.123509128210927,5.2962887376547574,52.156190662954174
Limburg,Weert - Poort van Limburg,,Aankondiging gegunde opdracht,Verkoop van het multifunctionele gebouw Poort van Limburg aan de Werthaboulevard 1 in Weert voor herontwikkeling naar eigen invulling.,,,,Weert,Willie Martens Holding B.V.,,2025-07-03,5.7030133011545248,51.256996801758341,5.7082297856375535,51.2529807732003
Gelderland,Doetinchem - Augustinuspark ,2025-07-29,Aankondiging van opdracht,"Grondverkoop voor de ontwikkeling van maximaal 30 toekomstbestendige woningen aan de Van Damstraat in Gaanderen, gemeente Doetinchem.",,,,Doetinchem,,30,2025-07-03,6.3442072148828137,51.930405690899811,6.2919424062379292,51.966129763458667
Zuid-Holland,Molenlanden - Giessenburg,,Aankondiging gegunde opdracht,Aanneemopdracht voor de realisatie van 24 tijdelijke woonunits voor Oekraïense vluchtelingen in Giessenburg.,,,,Molenlanden,Envicon,24,2025-07-06,4.9000162217311649,51.862704326736,4.8451906441185022,51.8846710030835
Flevoland,Lelystad - Hanzepark,,Aankondiging gegunde opdracht,"De tender betreft de verkoop en ontwikkeling van grond in Hanzepark fase 2, Lelystad, voor minimaal 150 woningen en commerciële ruimte.",0.5,0.33,0.17,Lelystad,Geen winnaar gekozen,150,2025-07-07,5.4712601634912259,52.50942218747624,5.4712051366949259,52.478785532520661